coolUser123,,, ,,, ,,, 
creativeCoder,,, ,,, ,,, 
happyHacker,,, ,,, ,,, 
scriptingSorcerer,,, ,,, ,,, 
codeCrusader,,, ,,, ,,, 
algorithmArchitect,,, ,,, ,,, 
debugDuke,,, ,,, ,,, 
techTherapist,,, ,,, ,,, 
codeCommander,,, ,,, ,,, 
codeCraftsman,,, ,,, ,,, 
dataDynamo,,, ,,, ,,, 
devVirtuoso,,, ,,, ,,, 
debugDuke,,, ,,, ,,, 
techTherapist,,, ,,, ,,, 
codeCommander,,, ,,, ,,, 
codeCraftsman,,, ,,, ,,, 
dataDynamo,,, ,,, ,,, 
devVirtuoso,,, ,,, ,,, 
codeCommando,,, ,,, ,,, 
codeCraftsman,,, ,,, ,,, 
dataDynamo,,, ,,, ,,, 
devVirtuoso,,, ,,, ,,, 
codeCommando,,, ,,, ,,, 
codeCraftsman,,, ,,, ,,, 
dataDynamo,,, ,,,,,,
codingMaster,,,,,,,,,
codeNinja42,,,,,,,,,
progRockStar,,,,,,,,,
dataDiva,,,,,,,,,
byteBlazer,,,,,,,,,
cyberSculptor,,,,,,,,,
cryptoCrusader,,,,,,,,,
booleanBard,,,,,,,,,
webWanderer,,,,,,,,,
byteBard,,,,,,,,,
cyberCaptain,,,,,,,,,
binaryBard,,,,,,,,,
cryptoCrusader,,,,,,,,,
booleanBard,,,,,,,,,
webWanderer,,,,,,,,,
byteBard,,,,,,,,,
cyberCaptain,,,,,,,,,
binaryBard,,,,,,,,,
webWarrior,,,,,,,,,
byteBrawler,,,,,,,,,
cyberCenturion,,,,,,,,,
binaryBard,,,,,,,,,
pythonLover,,,,,,,,,
geekyDeveloper,,,,,,,,,
codeWizard,,,,,,,,,
cyberSamurai,,,,,,,,,
devDreamer,,,,,,,,,
scriptSlinger,,,,,,,,,
syntaxSorcerer,,,,,,,,,
binaryBard,,,,,,,,,
devDynamo,,,,,,,,,
scriptSmith,,,,,,,,,
codeConductor,,,,,,,,,
pixelPioneer,,,,,,,,,
syntaxSorcerer,,,,,,,,,
binaryBard,,,,,,,,,
devDynamo,,,,,,,,,
scriptSmith,,,,,,,,,
codeConductor,,,,,,,,,
pixelPioneer,,,,,,,,,
devDude,,,,,,,,,
scriptSorcerer,,,,,,,,,
codeCommander,,,,,,,,,
pixelPioneer,,,,,,,,,
devDude,,,,,,,,,
scriptSorcerer,,,,,,,,,
techExplorer,,,,,,,,,
webDevPro,,,,,,,,,
byteBender,,,,,,,,,
pixelPioneer,,,,,,,,,
hackerHero,,,,,,,,,
bitBard,,,,,,,,,
dataDrifter,,,,,,,,,
pixelPirate,,,,,,,,,
hackerHarmony,,,,,,,,,
logicLion,,,,,,,,,
webVoyager,,,,,,,,,
scriptSculptor,,,,,,,,,
dataDrifter,,,,,,,,,
pixelPirate,,,,,,,,,
hackerHarmony,,,,,,,,,
logicLion,,,,,,,,,
webVoyager,,,,,,,,,
scriptSculptor,,,,,,,,,
hackerHaven,,,,,,,,,
logicLoom,,,,,,,,,
webWanderer,,,,,,,,,
scriptSculptor,,,,,,,,,
hackerHaven,,,,,,,,,
logicLoom,,,,,,,,,